{
  "inflacion_promedio_mensual": 0.4019800748598013,
  "tasa_referencia_media": 5.4318181818181825,
  "variacion_pib_anual_%": 2.3
}
